Listen2Me: KCRW Music, http://kcrw.ic.llnwd.net/stream/kcrw_music
Listen2Me: KCRW Live, http://kcrw.ic.llnwd.net/stream/kcrw_live
Listen2Me: Dinner Jazz Excursion, http://sc01.warpradio.com:8240/
Listen2Me: KSDS Jazz, http://listen.jazz88.org/ksds.mp3
Listen2Me: 4Clubbers, http://87.98.163.6:8200/
Listen2Me: RadioSkyMusic, http://streaming.radionomy.com/Mistura-Fina-Instrumental
Listen2Me: coolradio jazz, http://4broadcast.de:8000/coolradio-jazz-128s.mp3
Listen2Me: Jazz 24, http://icy1.abacast.com:80/kplu-jazz24aac-64
Listen2Me: JazzClub, http://streaming208.radionomy.com/JAZZCLUB?group=825&countrycode=US&similarprocess=0&crashed=0
Listen2Me: Only Jazz, http://listen.radionomy.com/onlyjazz
Listen2Me: Flamenco Beat Radio, http://216.19.176.225:26000
Listen2Me: Radio Sevillanas, http://94.75.209.28:8192/
Listen2Me: Radio Contepomi, http://radio.contepomi.net:9991
Listen2Me: Radio Paradise, http://stream-uk1.radioparadise.com:80/mp3-128
Listen2Me: NRK Jazz, http://lyd.nrk.no:80/nrk_radio_jazz_mp3_h
Listen2Me: ABC Jazz, http://listen.radionomy.com/abc-jazz
Listen2Me: RadioSky, http://listen.radionomy.com/RadioSky-Music
Listen2Me: Adore Jazz, http://205.164.35.21:80
Listen2Me: Air Jazz, http://listen.radionomy.com/air-jazz
Listen2Me: Beejazz, http://listen.radionomy.com/beejazz
Listen2Me: KUAZ News and Jazz, http://streaming.azpm.org/kuaz192.mp3
Listen2Me: WWNO-3 New Orleans, http://nyc01.egihosting.com:18840/listen.pls
Listen2Me: WDNA 88.9FM, http://war.str3am.com:7990/
Listen2Me: Chillout, http://mp3channels.webradio.antenne.de/chillout
Listen2Me: Swiss Internet Radio, http://82.197.167.140:80
Listen2Me: Play Misty for Me, http://listen.radionomy.com/Play-Misty-for-Me
Listen2Me: BBC World Service, http://bbcwssc.ic.llnwd.net/stream/bbcwssc_mp1_ws-eieuk
Listen2Me: WUSF, http://131.247.45.225:8128
Listen2Me: WGBH, http://audio.wgbh.org:8000
Listen2Me: BCC Radio 1, http://bbcmedia.ic.llnwd.net/stream/bbcmedia_intl_lc_radio1_p?s=1333576253&e=1333590653&h=4c89293cdc8fa59cf2a8a4b913d59976
Listen2Me: BBC Radio 2, http://bbcmedia.ic.llnwd.net/stream/bbcmedia_intl_lc_radio2_p?s=1333576277&e=1333590677&h=f7a08eae8e7f81dbac9d6f9e15a260b0
Listen2Me: BBC Radio 3, http://bbcmedia.ic.llnwd.net/stream/bbcmedia_intl_lc_radio3_p?s=1333576282&e=1333590682&h=59cd60661725bca59c3e8fc46e918bc2
Listen2Me: BBC 6Music, http://bbcmedia.ic.llnwd.net/stream/bbcmedia_intl_lc_6music_p?s=1333576314&e=1333590714&h=c606d3eaf128c0abbe72341973c7e60d
Listen2Me: BBC 1Xtra, http://bbcmedia.ic.llnwd.net/stream/bbcmedia_intl_lc_1xtra_p?s=1333576331&e=1333590731&h=6b7675ec61a7357aeec4a068f94e8178
Listen2Me: BBC 5Live, http://bbcmedia.ic.llnwd.net/stream/bbcmedia_intl_lc_5live_p?s=1333576360&e=1333590760&h=5277712416bedff9841efd2c3329d669

RadioPinoy: Pinoy Alternative Rock, http://s8.voscast.com:8642
RadioPinoy: Pinoy Love Songs, http://s8.voscast.com:8666
RadioPinoy: MOR 94.3 Dagupan, http://192.241.193.224:8059/mordagupan
RadioPinoy: Pinoy Internet Radio, http://213.239.218.99:7002/stream
RadioPinoy: Himig Pinoy FM, http://s10.voscast.com:7260/listen.pls
RadioPinoy: Pinoy Music Radio, http://listen.radionomy.com/pinoymixradio.m3u
RadioPinoy: Pinoy Home Radio, http://174.37.159.206:8044
RadioPinoy: Pinoy Love Radio, http://s6.voscast.com:8562
RadioPinoy: Pinoy Hitz, http://s2.voscast.com:8426
RadioPinoy: Pinoy-Pirates Radio, http://46.105.27.171:8000/
RadioPinoy: Blazin 100, http://99.198.118.250:8158/
RadioPinoy: RAKISTA Radio, http://rakista.com:8000/listen128.mp3
RadioPinoy: Pinoy Radio Online, http://192.184.9.158:8674
RadioPinoy: Radyo Kalibre, http://75.126.73.136:8002/
RadioPinoy: Radyo KBYN, http://radyokabayan.serverhostingcenter.com:9044/
RadioPinoy: Atlantis Radio Philippines, http://192.184.9.79:8106
RadioPinoy: Tunog Pinoy Radio, http://173.193.219.163:8494
RadioPinoy: COOL FM 90.1, http://67.213.213.137:8039/
RadioPinoy: Joko Jun Radio, http://jokojun.servemp3.com:1414/radio
RadioPinoy: DjKoRn Pinoy, http://184.154.185.177:80/
RadioPinoy: Pinoy Rap Radio, http://198.178.123.23:7200
RadioPinoy: V-Hive Radio, http://192.99.8.192:3154/vhiveradiostream
RadioPinoy: Music Pinoy, http://76.164.217.100:7032/live
RadioPinoy: PINOY RADIO UK, http://s5.voscast.com:7858/;stream.nsv

RadioVietnam: Saigon radio KALI, http://ice5.securenetsystems.net/KALI
RadioVietnam: Saigon radio KREH, http://ice5.securenetsystems.net/KREH
RadioVietnam: Saigon radio KVVN, http://ice5.securenetsystems.net/KVVN
RadioVietnam: VAB Vietnamese American, http://67.213.213.137:8087
RadioVietnam: Radio Saigon Dallas, http://67.212.189.122:8068
RadioVietnam: Vietnam-Minnesota, http://tres.kfai.org:8000/
RadioVietnam: Traditional music, http://archive.org/download/VietnameseTraditionalMusicRadioProgram2012/ToiYeuCoNhac07292012.mp3
RadioVietnam: Cherry Radio, http://50.7.96.210:8618
RadioVietnam: Cherry Radio: Youth, http://174.37.252.208:8500
RadioVietnam: Radio Viet Nam Hai Ngoai, http://vpr.serverroom.us:7492/
RadioVietnam: KYND Radio, http://68.168.103.13:8355/listen.pls
RadioVietnam: Saigon HD Radio, http://170.75.194.209:8888/listen.pls
RadioVietnam: RFI Vietnamese, http://95.81.147.3/2584/rfi_en_vietnamien/rfivietnamien.mp3
RadioVietnam: R Sputnik Vietnamese, http://audio1.video.ria.ru/voicevnm.m3u
RadioVietnam: Nationwide Viet HD, http://vndcradio2.serverroom.us:4480/
RadioVietnam: VietNam Public Radio, http://vpr.serverroom.us:7492

ThaiRadios: M-Station, http://202.162.79.110:7777
ThaiRadios: Radio OK, http://alpha.radiook.co.th:8000/hookmp128
ThaiRadios: DMC Thai TV, http://112.140.185.52:443
ThaiRadios: Thai FM, http://103.4.216.32:8241
ThaiRadios: Anime-Thai, http://122.155.0.108:4066
ThaiRadios: Classic Thai, http://27.254.68.193:8000
ThaiRadios: Time Thai, http://119.59.98.4:8040/
ThaiRadios: Auto DJ, http://183.90.168.211:8000/
ThaiRadios: JEDI MEAW WINK, http://202.183.167.209:8000/
ThaiRadios: Pop Radio, http://103.22.182.111:8044/
ThaiRadios: Best Thai, http://103.246.18.3:4032/
ThaiRadios: Play Thai, http://103.22.182.104:9902/
ThaiRadios: Gumunbra Auto PJ, http://202.129.207.211:8306/
ThaiRadios: Mitikao 90.5 Bangkok, http://119.59.124.149:8624/
ThaiRadios: fungfungfung, http://61.47.2.70:8064/
ThaiRadios: MerciGod Radio, http://listen.mercigod.com:8000
ThaiRadios: DJ.BOY NAKHONMUSIC, http://210.1.31.58:8132
ThaiRadios: ChiangMai Live, http://202.29.60.203:8000
ThaiRadios: COOL93 Fahrenhieit, http://203.150.224.142:8003
ThaiRadios: Easy 105.5, http://202.44.54.186:8105
ThaiRadios: City Radio Pattaya, http://202.170.122.148:8067
ThaiRadios: Bangkok Sport Radio, http://202.162.77.38:8000/SportRadio
ThaiRadios: Radio Thai Laboour, http://122.155.16.158:6178

KoreanRadios: KPOP @ Big B Radio, http://184.95.62.170:9002/
KoreanRadios: Kpop Dance, http://streaming.radionomy.com/KpopDance
KoreanRadios: Aewen Radio, http://37.72.100.39:8001/stream
KoreanRadios: Korea KPOP, http://222.122.178.180:8820
KoreanRadios: Generation KPOP, http://176.31.241.195:8700
KoreanRadios: SEOULFM, http://96.44.128.51/;?1394923302591.mp3
KoreanRadios: KPOP addict, http://streaming.radionomy.com/kpop-addict
KoreanRadios: Radio-KPOP, http://streaming.radionomy.com/RADIO-KPOP
KoreanRadios: KPOP and more, http://204.45.126.170:8021
KoreanRadios: Big B Radio, http://184.95.62.170:8002
KoreanRadios: KFM 99.9, http://61.78.39.187:8000/
KoreanRadios: Nanpasun, http://nanpasun.saycast.com
KoreanRadios: EasyCast-386FM, http://fm386.inlive.co.kr
KoreanRadios: iPhone WorldMic Korea, http://38.96.148.141:4648
KoreanRadios: MelodiesOfPrayer.com, http://67.212.189.122:8187
KoreanRadios: JPHiP Radio, http://radio.jphip.com:8800/
KoreanRadios: Cast.cc, http://cast.cc:8888
KoreanRadios: Chinamerica Hit Radio!, http://209.73.150.38:26814

JapanRadios: Japan-A-Radio, http://audio.misproductions.com/japan128k
JapanRadios: J-PopProject Radio, http://streaming.radionomy.com/J-PopProjectRadio
JapanRadios: MJHR  Radio, http://streaming207.radionomy.com:80/MJHRRadio
JapanRadios: Loli-Pop Radio, http://streaming207.radionomy.com:80/Loli-Pop-Station
JapanRadios: JPopsuki-Radio, http://jpopsuki.fm:8000/stream
JapanRadios: RadioVocaloid, http://streaming64.radionomy.com/RadioVocaloid
JapanRadios: FredFilmRadio, http://s4.webradio-hosting.com:2199/tunein/fredradiojp.pls
JapanRadios: AnimeAMAZE, http://apple.neostreams.info:10007/
JapanRadios: Ghost Anime, http://animeradio.su:8000/
JapanRadios: 91.8 the Fan, http://198.100.144.46:80/stream/1/
JapanRadios: AnimeAmaze, http://apple.neostreams.info:10007/
JapanRadios: Anime Classics Radio, http://albireo.shoutca.st/tunein/jtingb05.pls
JapanRadios: Anime Classics 2, http://albireo.shoutca.st/tunein/jtingb04.pls
JapanRadios: Extreme Anime Radio, http://knr128.keiichi.net/
JapanRadios: Armitage's Dimension, http://armitunes.com:8000/
JapanRadios: Big B Radio, http://184.95.47.178:9112
JapanRadios: JapanRadio.ru, http://japanradio.ru:8000/play
JapanRadios: JPop, http://61.78.39.187:8000
JapanRadios: AnimeNexus, http://209.126.101.188:8000/listen.pls
JapanRadios: 70s-90s J-pop Stream, http://198.178.123.14:7002
JapanRadios: Anime-stereo, http://listen.radionomy.com/anime-stereo.m3u
JapanRadios: RADIO HAYAMA, http://server10.reliastream.com:2199/tunein/radiohayama.pls
JapanRadios: Radio Anime Obsesion, http://radio.anime-obsesion.com:8902/animeobsesion
JapanRadios: AnimeNfo Radio, http://itori.animenfo.com:443/

IndianRadios: RaDioTEENTAAL.com, http://195.154.176.33:8000
IndianRadios: TeluguKokila Radio, http://98.226.222.195:8097
IndianRadios: Radio Jalwa Punjabi, http://s2.voscast.com:8314
IndianRadios: bollybop, http://stream.bollybop.co.nz:8000/bollybop
IndianRadios: MASTRADIO.COM, http://stream.mastradio.net:8000/
IndianRadios: Radio Banglanet, http://sc6.spacialnet.com:33656/
IndianRadios: Washington Bangla Radio, http://banglaradio.homeip.net:8000/
IndianRadios: Malayalam Radio, http://radio.hostonnet.com:8000
IndianRadios: RadioGoonGoon, http://184.107.144.218:8040
IndianRadios: OnlineTamil Radio, http://46.28.49.164:7764
IndianRadios: Desi Music Mix, http://desimusicmix.com:8012/
IndianRadios: Bollywood (Polskie Radio), http://91.121.92.167:4600/
IndianRadios: Sada Bahar Music Radio, http://sadabaharmusicradio.serverhostingcenter.com:8512
IndianRadios: Lankasri FM, http://media3.lankasri.fm
IndianRadios: 1.FM - Bombay Beats, http://205.164.35.115:80
IndianRadios: Hindi Bollywood Dj-Gaurav, http://radio.dj-gaurav.com:8035
IndianRadios: Radio HSL, http://50.7.70.66:8485
IndianRadios: Bollywood N Bhangra USA, http://198.178.123.11:7516
IndianRadios: Suburbs of Goa, http://voxsc1.somafm.com:8850
IndianRadios: Radio Afsana, http://174.36.206.197:8198/
IndianRadios: Desi Music Mix!, http://s1.desimusicmix.com:8012/


RadioLatino: FIESTA MEXICANA, http://66.7.201.163:8004
RadioLatino: Latin House, http://pub1.di.fm/di_latinhouse
RadioLatino: RADIO CHANQUETE, http://92.48.107.35:8008
RadioLatino: Tejano FM, http://208.53.158.48:8130/
RadioLatino: LPG Radio, http://198.105.220.12:7479/Live
RadioLatino: KCSN Latin Alt 88.5, http://130.166.82.14:8002
RadioLatino: Super Estrella 107.1, http://icy1.abacast.com//entravision-kssefmmp3-48
RadioLatino: SalsaMexico HD, http://salsamexico.com/hd
RadioLatino: Vallenato Internacional, http://38.96.148.253:6336
RadioLatino: La X Estereo-Salsa, http://5.135.160.122:8038
RadioLatino: JR.FM House & Trance, http://50.22.212.194:8030
RadioLatino: JR.FM Latin Pop, http://198.57.205.90:8010
RadioLatino: Latin Flavor On Air, http://streaming.radionomy.com/LATINFLAVORONAIR/
RadioLatino: EstrellaInternacional, http://radiolatina.info:7084/
RadioLatino: LATINO FM EN DIRECTO, http://92.48.107.35:8000/
RadioLatino: LA PACHANGUERA-NY, http://radiolatina.info:8772/
RadioLatino: Estrella 90.5 FM, http://184.82.251.165:8006
RadioLatino: Radio Bolero, http://50.7.70.66:8404
RadioLatino: ROMANTICA FM, http://streaming18.brlogic.com:8238/live
RadioLatino: PANDAPOPRADIO.COM, http://s9.viastreaming.net:7240/
RadioLatino: RADIO CHANQUETE, http://92.48.107.35:8008/

ChinaRadio: Chinamerica Hit Radio, http://rfe1-r1.alldigital.net:8000/lmjc539
ChinaRadio: Chinese Classical Music, http://radio.chinesemusicworld.com:8202/;stream.nsv
ChinaRadio: Hong Kong,Chinese, http://38.96.148.141:4650
ChinaRadio: Big B Radio, http://50.7.173.162:8093
ChinaRadio: Big B Radio - CPOP, http://50.7.173.162:8093
ChinaRadio: Washington Chinese Radio, http://50.117.8.242:5760/Live
ChinaRadio: First Chinese Radio, http://198.105.220.12:7859/Live
ChinaRadio: Voice for Canadian Chinese, http://198.105.220.12:7859/Live
ChinaRadio: On air Power, http://61.92.48.222:8128
ChinaRadio: TLIG radio (Chinese), http://46.28.49.164:7768
